{
  "acuracia": 0.620253164556962,
  "report": {
    "0": {
      "precision": 0.7235294117647059,
      "recall": 0.7409638554216867,
      "f1-score": 0.7321428571428571,
      "support": 166.0
    },
    "1": {
      "precision": 0.3582089552238806,
      "recall": 0.3380281690140845,
      "f1-score": 0.34782608695652173,
      "support": 71.0
    },
    "accuracy": 0.620253164556962,
    "macro avg": {
      "precision": 0.5408691834942932,
      "recall": 0.5394960122178856,
      "f1-score": 0.5399844720496894,
      "support": 237.0
    },
    "weighted avg": {
      "precision": 0.6140874184550071,
      "recall": 0.620253164556962,
      "f1-score": 0.6170099850617186,
      "support": 237.0
    }
  },
  "treinado_em": "2026-07-21T09:00:25.802768"
}